"","ambpal","aneatr","aphful","aphpic","aphrud","aphten","aphtre","bradep","camame","camcar","camcas","camchr","camher","camnea","camnov","campen","carobs","crecer","crelin","dolmar","dolpla","dolpus","doltas","forarg","forase","forcre","fordif","fordir","fordol","forexs","forfos","forgla","forimp","forinc","forint","forkni","forlas","forneo1","forneo2","fornep","forobs","forpal","forper","forpod","forpro","forque","forref","forrub","forsub1","forsub2","forsub3","forulk","hyppun","lasali","lascla","lasfla","lasint","laslat","lasmin","lasnea","lasneo","laspal","lasspe","lassub1","lassub2","lasumb","lepcan","leperg","lepwil","monema","monpha","monvir","myrala","myrame1","myrame2","myrbre","myrdet","myreva","myrfra","myrinc","myrine","myrlat","myrlob","myrnea","myrpin","myrpun","myrrub","myrsca","myrscu","myrsem","myrsmi","nylfla","nylpar","phefla","phepil","polluc","ponpen","preimp","proame","prosil","pyrmet","pyrper","pyrpul","solmol","soltex","stebre","stedie","steimp","stesch","tapmel","tapses","tapspA","temamb","temcur","temlon","temsch","temtex","tetcae"
"ambpal",202,8,8,14,382,2,2,84,26,18,4,6,4,90,38,250,0,176,172,12,16,12,8,4,6,0,2,0,16,20,2,6,0,166,6,2,24,64,4,0,8,10,4,0,2,0,2,4,6,2,248,2,0,236,30,20,54,26,8,62,260,60,2,10,2,60,8,0,0,20,0,0,0,66,22,0,6,0,44,8,2,0,8,2,20,192,308,40,116,0,64,114,2,0,4,0,332,320,6,0,8,0,0,138,0,200,8,128,66,0,270,0,176,268,166,2,0,306
"aneatr",8,2,0,0,36,0,0,0,0,2,0,0,0,6,0,18,0,10,16,0,0,0,0,0,0,0,0,0,0,0,0,0,0,14,0,0,0,0,0,0,0,0,0,0,0,0,0,0,0,0,16,0,0,14,2,0,4,0,0,0,38,4,0,0,0,2,0,0,0,2,0,0,0,4,0,0,0,0,2,0,0,0,0,0,2,10,28,6,0,0,0,28,0,0,0,0,32,38,0,0,2,0,0,18,0,20,0,6,2,0,10,0,12,14,8,0,0,24
"aphful",8,0,32,2,30,0,0,4,6,2,0,4,2,12,12,20,0,16,10,0,2,6,2,2,0,0,2,0,2,2,0,0,0,16,4,0,4,6,0,2,4,4,4,0,0,0,0,4,2,2,10,0,0,18,6,6,6,10,2,6,14,10,2,2,2,6,2,0,0,4,0,0,0,14,6,0,4,0,6,2,0,0,0,4,4,16,34,6,8,2,4,0,2,0,0,4,32,18,4,0,0,0,0,8,0,20,2,18,6,0,30,0,26,18,10,2,0,34
"aphpic",14,0,2,56,28,0,0,8,10,4,0,2,8,6,34,30,0,18,12,8,8,12,10,20,12,0,0,0,4,18,2,18,0,12,14,2,34,26,2,2,4,12,2,0,0,2,2,6,12,6,44,4,0,30,6,16,4,4,6,4,26,12,2,2,8,12,8,0,0,6,0,0,2,20,30,0,24,0,22,4,2,0,2,4,4,22,6,0,26,2,12,0,4,0,4,2,18,10,2,0,0,0,0,6,0,16,10,4,4,0,32,0,16,12,18,2,2,8
"aphrud",382,36,30,28,1888,6,8,274,70,62,6,46,44,348,164,1138,2,678,734,14,40,52,20,30,14,0,6,0,70,36,0,6,2,690,30,2,80,232,10,8,22,44,16,0,2,6,0,10,44,20,1088,0,0,1024,114,56,190,44,12,266,1146,220,20,36,4,274,26,2,0,88,2,2,0,198,98,0,82,0,164,34,0,2,44,24,86,874,1262,180,400,2,254,510,14,2,8,10,1306,1320,24,0,36,0,0,592,8,804,26,514,256,0,1148,0,716,1050,660,12,4,1284
"aphten",2,0,0,0,6,18,0,2,2,0,0,0,0,0,2,2,0,4,4,0,2,2,2,0,0,0,0,0,0,6,0,0,0,2,2,0,4,2,0,0,2,0,0,0,2,0,0,2,0,4,2,0,0,4,4,4,4,4,4,2,4,0,0,0,0,2,2,0,0,2,0,0,0,4,2,0,0,0,0,4,0,0,0,0,0,2,0,0,2,0,0,0,0,2,0,2,2,0,0,0,0,0,0,0,0,2,0,0,0,0,2,0,0,0,6,0,0,2
"aphtre",2,0,0,0,8,0,16,2,4,0,2,2,0,6,6,4,0,0,4,0,4,0,2,2,0,0,4,0,0,4,0,0,0,8,2,0,4,4,0,0,0,4,2,0,0,0,0,0,0,0,6,0,0,6,6,4,2,0,0,2,8,0,0,0,0,2,0,0,0,6,0,0,0,0,4,0,0,0,2,2,0,0,2,0,0,0,0,0,0,0,0,0,2,0,0,0,4,4,0,0,0,0,0,4,0,0,0,0,0,0,4,0,2,2,2,0,2,6
"bradep",84,0,4,8,274,2,2,156,18,16,0,2,10,60,16,224,2,158,136,6,12,12,10,6,8,0,2,0,26,14,2,6,0,122,10,2,24,90,4,2,4,6,2,0,2,0,2,2,8,4,252,2,0,216,14,14,34,16,6,88,142,28,2,16,4,64,10,0,0,8,0,0,0,16,38,0,14,0,48,4,2,0,4,4,16,184,214,18,150,2,84,4,4,0,4,2,206,180,8,0,0,0,0,70,0,122,4,90,48,0,264,0,126,202,154,2,0,244
"camame",26,0,6,10,70,2,4,18,82,4,6,18,2,26,36,62,0,38,30,10,10,8,10,6,0,0,6,0,18,18,0,0,2,48,12,2,16,30,0,2,8,22,6,0,0,6,0,10,4,4,54,0,0,44,24,14,14,14,4,20,32,12,4,6,2,26,2,0,0,14,2,2,0,24,22,0,2,0,10,8,0,0,2,2,6,36,42,6,30,2,22,0,6,2,4,8,52,54,0,0,0,0,0,20,0,26,2,20,6,0,60,0,28,46,32,4,0,52
"camcar",18,2,2,4,62,0,0,16,4,14,0,0,4,16,4,46,0,28,28,2,4,4,4,2,2,0,0,0,6,4,2,2,0,32,4,0,4,14,2,2,4,2,2,0,0,0,2,2,4,2,44,0,0,32,6,4,8,2,4,10,48,8,2,2,4,12,4,0,0,2,0,0,0,6,6,0,4,0,8,2,0,0,2,2,6,28,38,6,20,2,10,28,2,0,0,2,50,56,0,0,2,0,0,22,0,30,4,16,6,0,32,0,18,32,28,0,0,38
"camcas",4,0,0,0,6,0,2,0,6,0,32,6,0,4,8,12,0,2,4,0,2,0,0,2,0,0,2,0,4,4,0,0,2,6,2,0,2,0,0,0,2,8,2,0,0,2,0,0,2,0,6,0,0,6,8,2,6,0,0,2,6,0,2,0,0,6,0,0,0,2,2,2,0,2,2,0,0,0,2,2,0,0,2,0,0,0,0,0,0,0,2,0,2,0,0,2,2,8,0,2,0,2,0,0,0,0,0,0,0,0,6,0,0,4,4,2,0,4
"camchr",6,0,4,2,46,0,2,2,18,0,6,100,2,16,30,74,0,10,18,0,4,6,0,8,2,0,6,0,6,14,0,0,2,24,8,0,10,16,2,0,8,18,12,0,0,4,0,6,10,2,36,0,0,42,28,18,8,12,0,22,24,2,2,6,0,22,4,0,0,10,2,2,0,18,12,0,8,0,6,8,0,0,4,8,2,32,0,0,6,0,10,0,10,0,0,6,8,16,2,0,0,0,0,8,4,6,0,8,0,0,30,0,6,14,22,4,0,16
"camher",4,0,2,8,44,0,0,10,2,4,0,2,222,14,98,54,0,22,6,2,20,36,16,30,30,0,0,0,4,18,2,8,0,10,22,0,40,12,26,4,6,4,2,0,2,0,2,6,28,8,72,0,0,68,16,10,4,2,14,6,44,18,2,4,8,24,38,2,0,0,0,0,0,2,14,2,46,0,20,6,0,2,24,2,6,14,6,0,14,2,6,0,4,0,0,2,8,6,2,0,0,0,0,4,0,14,20,4,4,0,42,0,16,6,38,0,0,8
"camnea",90,6,12,6,348,0,6,60,26,16,4,16,14,208,64,256,0,154,156,2,20,30,10,8,6,0,6,0,20,20,0,0,0,152,14,0,16,58,0,4,10,14,12,0,0,4,0,6,20,4,224,0,0,200,34,18,48,12,8,56,204,46,6,10,2,80,10,0,0,18,4,0,0,58,26,2,18,0,34,12,0,0,16,6,20,182,228,32,88,2,48,84,4,0,4,8,272,264,4,0,6,0,0,116,2,156,6,112,52,0,250,0,144,224,158,6,0,256
"camnov",38,0,12,34,164,2,6,16,36,4,8,30,98,64,544,220,0,86,40,10,32,52,32,68,44,2,6,0,16,60,10,38,2,66,52,2,96,84,22,6,24,36,10,0,2,2,2,24,62,26,216,4,0,174,56,50,24,22,22,28,126,42,18,8,10,68,42,2,0,20,2,2,2,56,70,2,84,0,66,30,0,6,38,4,10,112,42,6,66,2,28,0,8,2,4,10,74,58,2,0,0,0,0,28,2,48,30,40,20,0,148,0,74,64,102,6,0,68
"campen",250,18,20,30,1138,2,4,224,62,46,12,74,54,256,220,1256,6,474,456,10,30,44,14,36,18,0,6,0,68,32,2,12,2,512,32,2,66,210,16,6,28,54,20,0,0,10,2,18,50,14,842,2,0,796,110,48,108,46,16,222,704,120,18,34,4,238,24,0,0,58,2,2,0,108,106,0,78,0,146,22,2,4,36,22,66,678,676,122,336,2,202,266,14,0,10,10,782,844,22,0,18,0,0,366,6,476,20,372,202,0,778,0,416,742,524,20,2,812
"carobs",0,0,0,0,2,0,0,2,0,0,0,0,0,0,0,6,2,6,6,0,0,0,0,0,0,0,0,0,0,0,0,0,0,12,0,0,0,0,0,0,0,0,0,0,0,0,0,0,0,0,0,0,0,20,0,0,0,2,0,0,18,2,0,0,0,2,0,0,0,4,0,0,0,0,6,0,0,0,8,0,0,0,0,0,0,4,14,16,0,0,0,4,0,0,0,0,4,8,0,0,0,0,0,8,0,4,0,0,0,0,12,0,16,8,6,0,0,32
"crecer",176,10,16,18,678,4,0,158,38,28,2,10,22,154,86,474,6,476,336,16,26,16,20,28,20,0,0,0,32,40,8,24,0,334,32,2,64,120,8,4,10,10,4,0,2,2,2,16,16,18,478,6,0,490,44,36,88,30,6,106,484,138,4,18,4,110,22,2,0,42,2,0,0,82,76,0,36,0,122,16,2,2,2,2,38,368,604,116,232,2,118,152,8,2,2,6,590,562,8,0,10,0,0,254,2,350,14,242,124,0,592,0,386,536,304,8,0,682
"crelin",172,16,10,12,734,4,4,136,30,28,4,18,6,156,40,456,6,336,456,6,20,12,6,6,6,0,2,0,26,20,2,2,2,310,10,2,24,78,2,4,10,16,8,0,2,4,2,6,8,4,444,0,0,444,38,24,96,22,6,96,554,106,4,10,4,88,10,0,0,52,0,2,0,74,44,0,22,0,82,8,0,0,4,10,28,350,698,122,136,2,92,236,10,0,6,2,634,580,2,0,16,0,0,284,6,390,6,196,92,0,548,0,402,482,262,4,2,732
"dolmar",12,0,0,8,14,0,0,6,10,2,0,0,2,2,10,10,0,16,6,44,14,10,12,4,4,0,0,0,0,8,2,4,0,10,6,2,12,8,4,2,6,6,0,0,0,4,2,4,6,4,18,0,0,8,8,4,2,8,4,2,14,4,0,0,2,8,4,0,0,8,0,0,2,4,12,0,4,0,8,8,0,0,4,0,2,8,2,0,4,0,8,0,4,0,4,2,6,4,0,0,0,0,0,10,0,4,2,0,0,0,22,0,2,6,6,6,0,4
"dolpla",16,0,2,8,40,2,4,12,10,4,2,4,20,20,32,30,0,26,20,14,126,24,26,12,24,0,0,0,4,22,2,6,2,12,26,0,42,32,6,2,16,8,4,0,2,8,2,8,12,8,42,0,0,48,20,14,14,12,8,12,42,18,4,4,4,28,22,0,0,6,0,2,2,18,18,0,28,0,22,8,0,0,8,2,4,24,26,0,12,2,10,2,8,0,0,4,10,8,0,0,0,0,0,10,2,14,12,4,0,0,44,0,22,12,26,6,4,12
"dolpus",12,0,6,12,52,2,0,12,8,4,0,6,36,30,52,44,0,16,12,10,24,162,10,18,18,0,2,0,2,14,2,6,0,10,10,2,22,18,8,2,12,6,6,0,0,2,2,10,58,6,48,2,0,70,16,16,6,10,10,14,30,8,10,6,6,32,20,0,0,4,0,0,2,20,18,0,32,0,18,10,0,4,56,4,4,48,6,0,34,2,22,0,8,0,2,4,16,10,0,0,0,0,0,6,2,22,18,10,8,0,96,0,26,18,44,8,0,6
"doltas",8,0,2,10,20,2,2,10,10,4,0,0,16,10,32,14,0,20,6,12,26,10,72,14,14,0,2,0,6,18,2,6,0,16,20,0,22,26,8,4,6,12,6,0,0,2,2,10,8,6,34,0,0,26,12,12,6,8,8,0,24,12,2,0,8,10,18,2,0,4,0,0,0,4,28,0,20,0,16,2,0,0,4,2,4,8,4,0,12,2,6,0,4,0,2,2,12,10,0,0,0,0,0,6,0,4,8,0,0,0,22,0,8,6,12,4,0,10
"forarg",4,0,2,20,30,0,2,6,6,2,2,8,30,8,68,36,0,28,6,4,12,18,14,118,18,0,4,0,10,28,8,24,2,18,24,0,44,32,6,0,6,10,2,0,0,2,2,12,24,12,86,4,0,54,14,22,6,2,4,2,62,14,2,4,6,18,18,2,0,4,0,2,2,8,32,0,48,0,34,10,0,2,8,0,4,8,6,0,28,0,8,0,6,0,0,2,14,12,0,0,0,0,0,8,0,12,10,2,0,0,36,0,14,4,28,2,0,8
"forase",6,0,0,12,14,0,0,8,0,2,0,2,30,6,44,18,0,20,6,4,24,18,14,18,102,0,0,0,0,10,2,12,0,0,26,0,42,14,20,0,4,0,0,0,0,0,2,2,12,4,66,2,0,42,16,10,2,2,4,4,46,22,0,2,8,10,24,0,0,0,0,0,2,16,18,0,40,0,32,8,2,0,4,0,2,12,6,0,8,0,4,0,0,0,0,0,8,0,2,0,0,0,0,2,0,8,16,4,0,0,44,0,12,4,28,0,0,8
"forcre",0,0,0,0,0,0,0,0,0,0,0,0,0,0,2,0,0,0,0,0,0,0,0,0,0,2,0,0,0,0,0,0,0,0,0,0,0,2,0,0,0,0,0,0,0,0,0,0,0,0,0,0,0,0,0,0,0,0,0,0,0,0,0,0,0,0,0,0,0,0,0,0,0,0,0,0,0,0,0,0,0,0,2,0,0,0,0,0,0,0,0,0,0,0,0,0,0,0,0,0,0,0,0,0,0,0,0,0,0,0,2,0,0,0,0,0,0,0
"fordif",2,0,2,0,6,0,4,2,6,0,2,6,0,6,6,6,0,0,2,0,0,2,2,4,0,0,10,0,0,2,0,0,0,6,4,0,2,4,0,0,0,4,4,0,0,0,0,2,0,0,6,0,0,6,8,4,4,2,0,4,6,0,0,2,0,4,0,0,0,4,0,0,0,2,6,0,0,0,4,4,0,0,2,0,2,2,0,0,2,0,2,0,0,0,0,2,6,6,0,0,0,0,0,4,0,2,0,0,2,0,4,0,2,2,4,0,0,4
"fordir",0,0,0,0,0,0,0,0,0,0,0,0,0,0,0,0,0,0,0,0,0,0,0,0,0,0,0,2,0,0,0,0,0,0,0,0,0,0,0,0,0,0,0,0,0,0,0,0,0,0,0,0,0,0,0,0,0,0,0,0,0,0,0,0,0,0,0,0,0,0,0,0,0,0,0,0,0,0,0,0,0,0,0,0,0,0,0,0,0,0,0,0,0,0,0,0,0,0,0,0,0,0,0,0,0,0,0,0,0,0,0,0,0,0,0,0,0,0
"fordol",16,0,2,4,70,0,0,26,18,6,4,6,4,20,16,68,0,32,26,0,4,2,6,10,0,0,0,0,68,12,0,0,2,44,10,0,10,32,0,4,6,16,2,0,0,6,0,2,6,2,76,0,0,42,16,8,6,4,2,20,24,4,4,4,2,20,2,0,0,2,2,2,0,8,14,0,2,0,6,0,0,0,0,2,6,40,16,0,42,2,24,2,6,0,0,4,30,58,0,0,0,0,0,10,0,14,2,20,8,0,48,0,8,38,38,2,0,24
"forexs",20,0,2,18,36,6,4,14,18,4,4,14,18,20,60,32,0,40,20,8,22,14,18,28,10,0,2,0,12,166,10,26,2,16,30,2,40,34,6,2,10,16,4,0,4,8,2,18,14,18,54,4,0,44,24,26,14,14,10,10,48,12,4,2,6,24,10,0,0,10,2,2,2,28,34,0,26,0,24,16,2,0,2,2,6,20,4,0,36,2,16,0,12,2,2,6,20,16,0,0,0,0,0,10,0,10,8,0,0,0,38,0,18,12,16,6,0,10
"forfos",2,0,0,2,0,0,0,2,0,2,0,0,2,0,10,2,0,8,2,2,2,2,2,8,2,0,0,0,0,10,10,10,0,0,6,0,10,8,2,0,2,0,0,0,0,0,2,4,4,0,10,2,0,6,2,4,2,0,2,0,8,4,0,0,2,2,2,0,0,0,0,0,0,2,10,0,10,0,10,6,0,0,2,0,0,0,2,0,10,0,0,0,0,0,0,0,2,0,0,0,0,0,0,0,0,2,4,0,0,0,6,0,4,0,2,0,0,2
"forgla",6,0,0,18,6,0,0,6,0,2,0,0,8,0,38,12,0,24,2,4,6,6,6,24,12,0,0,0,0,26,10,86,0,2,26,0,42,32,6,0,2,0,0,2,2,0,2,14,18,12,46,10,0,28,4,14,2,0,2,0,40,14,0,0,2,4,4,0,0,0,0,0,2,12,44,0,38,0,52,12,2,2,4,0,4,0,6,0,46,0,2,0,0,0,0,0,12,0,0,0,0,0,0,2,0,10,6,4,0,0,34,0,22,0,4,0,0,4
"forimp",0,0,0,0,2,0,0,0,2,0,2,2,0,0,2,2,0,0,2,0,2,0,0,2,0,0,0,0,2,2,0,0,4,2,2,0,0,0,0,0,2,2,0,0,0,2,0,0,0,0,2,0,0,2,2,0,2,0,0,0,2,0,2,0,0,2,0,0,0,0,0,2,0,0,0,0,0,0,0,0,0,0,0,0,0,0,0,0,0,0,2,0,2,0,0,0,0,2,0,0,0,0,0,0,0,0,0,0,0,0,2,0,0,2,2,2,0,0
"forinc",166,14,16,12,690,2,8,122,48,32,6,24,10,152,66,512,12,334,310,10,12,10,16,18,0,0,6,0,44,16,0,2,2,536,20,2,50,122,2,6,18,48,14,0,0,2,0,6,6,10,466,0,0,520,58,22,68,36,2,88,572,126,4,18,2,120,6,0,0,74,0,2,0,78,100,0,32,0,126,10,0,2,6,18,46,342,570,178,198,2,106,220,14,2,6,12,578,660,12,0,14,0,0,308,8,348,4,244,120,0,548,0,386,532,306,6,2,720
"forint",6,0,4,14,30,2,2,10,12,4,2,8,22,14,52,32,0,32,10,6,26,10,20,24,26,0,4,0,10,30,6,26,2,20,86,0,50,40,10,8,12,10,8,0,0,2,2,12,18,14,56,2,0,50,22,16,14,10,4,10,66,24,4,2,4,20,16,0,0,10,0,2,4,14,44,0,40,0,38,16,2,0,4,4,6,24,2,0,30,2,10,0,4,2,0,6,18,10,0,0,0,0,0,16,0,10,6,4,0,0,54,0,22,8,16,4,0,18
"forkni",2,0,0,2,2,0,0,2,2,0,0,0,0,0,2,2,0,2,2,2,0,2,0,0,0,0,0,0,0,2,0,0,0,2,0,4,2,2,0,2,0,2,0,0,0,0,0,0,0,0,2,0,0,2,2,2,0,2,0,2,2,0,0,0,0,2,0,0,0,2,0,0,0,2,2,0,0,0,0,0,0,0,0,0,0,2,0,0,2,0,2,0,2,0,2,0,2,2,0,0,0,0,0,2,0,2,0,0,0,0,2,0,0,2,2,2,0,0
"forlas",24,0,4,34,80,4,4,24,16,4,2,10,40,16,96,66,0,64,24,12,42,22,22,44,42,0,2,0,10,40,10,42,0,50,50,2,212,62,12,2,8,20,4,0,2,4,2,18,22,18,138,8,0,118,32,38,16,16,10,14,134,42,2,8,8,34,30,0,0,22,0,0,2,34,94,0,82,0,70,24,2,2,8,8,8,50,18,2,58,2,32,0,10,2,4,6,38,38,6,0,0,0,0,28,4,32,16,18,14,0,112,0,42,44,48,4,2,38
"forneo1",64,0,6,26,232,2,4,90,30,14,0,16,12,58,84,210,0,120,78,8,32,18,26,32,14,2,4,0,32,34,8,32,0,122,40,2,62,238,8,6,16,36,10,0,2,2,2,18,26,18,254,8,0,162,28,28,18,14,10,76,122,28,4,16,4,68,14,0,0,12,0,0,2,32,82,0,58,0,56,16,2,2,12,6,16,162,78,0,142,2,66,0,10,0,4,4,112,124,2,0,0,0,0,50,4,60,8,64,22,0,190,0,58,112,124,8,2,116
"forneo2",4,0,0,2,10,0,0,4,0,2,0,2,26,0,22,16,0,8,2,4,6,8,8,6,20,0,0,0,0,6,2,6,0,2,10,0,12,8,68,0,4,2,0,0,0,0,2,0,16,4,20,0,0,20,14,6,2,2,4,0,22,14,0,2,4,10,20,0,0,0,2,0,2,2,6,0,20,0,14,4,0,0,10,0,2,6,4,0,6,0,0,0,2,0,0,0,2,6,0,0,0,0,0,4,0,4,8,2,0,0,18,0,4,2,8,0,0,8
"fornep",0,0,2,2,8,0,0,2,2,2,0,0,4,4,6,6,0,4,4,2,2,2,4,0,0,0,0,0,4,2,0,0,0,6,8,2,2,6,0,10,4,2,2,0,0,0,0,2,2,2,6,0,0,4,2,2,2,4,2,0,6,0,2,0,2,4,2,0,0,2,0,0,0,2,4,0,4,0,2,2,0,0,0,2,2,6,0,0,2,2,2,0,2,0,0,2,2,4,0,0,0,0,0,4,0,2,2,0,0,0,6,0,2,2,0,0,0,0
"forobs",8,0,4,4,22,2,0,4,8,4,2,8,6,10,24,28,0,10,10,6,16,12,6,6,4,0,0,0,6,10,2,2,2,18,12,0,8,16,4,4,60,12,4,0,0,4,2,4,8,4,26,0,0,20,16,10,8,6,6,4,16,4,4,0,4,14,6,0,0,4,0,2,2,10,10,0,6,0,8,6,0,0,6,2,2,18,50,0,10,2,8,0,6,2,0,4,12,8,0,0,0,0,0,6,4,10,4,6,4,0,20,0,6,6,12,2,0,6
"forpal",10,0,4,12,44,0,4,6,22,2,8,18,4,14,36,54,0,10,16,6,8,6,12,10,0,0,4,0,16,16,0,0,2,48,10,2,20,36,2,2,12,92,8,0,0,4,0,4,8,6,58,0,0,22,20,10,10,6,2,10,36,2,4,6,2,24,2,0,0,20,2,2,0,16,28,0,2,0,8,4,0,0,2,2,4,32,0,0,18,2,28,0,12,0,6,8,16,36,0,0,0,0,0,20,0,6,2,0,0,0,32,0,4,18,14,6,0,30
"forper",4,0,4,2,16,0,2,2,6,2,2,12,2,12,10,20,0,4,8,0,4,6,6,2,0,0,4,0,2,4,0,0,0,14,8,0,4,10,0,2,4,8,26,0,0,2,0,4,4,2,18,0,0,14,8,8,8,6,2,10,14,2,2,2,2,20,6,0,0,4,0,0,0,8,14,0,8,0,6,4,0,0,4,8,6,12,0,0,6,2,6,0,4,0,0,4,8,6,0,0,0,0,0,2,0,6,2,2,0,0,16,0,10,10,8,4,0,12
"forpod",0,0,0,0,0,0,0,0,0,0,0,0,0,0,0,0,0,0,0,0,0,0,0,0,0,0,0,0,0,0,0,2,0,0,0,0,0,0,0,0,0,0,0,6,0,0,0,0,0,0,0,0,0,0,0,0,0,0,0,0,0,0,0,0,0,0,0,0,0,0,0,0,0,0,0,2,0,0,2,0,0,0,0,0,0,0,0,0,0,0,0,0,0,0,0,0,0,0,0,0,0,0,0,0,0,0,0,0,0,0,0,0,0,0,0,0,0,0
"forpro",2,0,0,0,2,2,0,2,0,0,0,0,2,0,2,0,0,2,2,0,2,0,0,0,0,0,0,0,0,4,0,2,0,0,0,0,2,2,0,0,0,0,0,0,6,0,0,2,0,4,2,0,0,2,2,4,2,2,2,4,4,0,0,0,0,0,2,0,0,0,0,0,0,2,0,2,0,0,0,6,0,0,0,0,0,0,0,0,2,0,0,0,0,0,0,0,0,0,0,0,0,0,0,0,0,0,0,0,0,0,0,0,0,0,2,0,0,0
"forque",0,0,0,2,6,0,0,0,6,0,2,4,0,4,2,10,0,2,4,4,8,2,2,2,0,0,0,0,6,8,0,0,2,2,2,0,4,2,0,0,4,4,2,0,0,30,0,4,0,4,6,0,0,4,4,2,4,2,0,0,6,0,2,0,0,10,0,0,0,0,0,2,0,4,0,0,0,0,0,0,0,0,0,0,0,6,0,0,2,0,6,2,8,0,0,0,0,2,0,0,0,0,0,0,0,0,0,0,0,0,4,0,0,4,2,4,0,0
"forref",2,0,0,2,0,0,0,2,0,2,0,0,2,0,2,2,0,2,2,2,2,2,2,2,2,0,0,0,0,2,2,2,0,0,2,0,2,2,2,0,2,0,0,0,0,0,2,0,2,0,2,0,0,2,2,2,2,0,2,0,2,2,0,0,2,2,2,0,0,0,0,0,0,0,2,0,2,0,2,2,0,0,2,0,0,0,2,0,2,0,0,0,0,0,0,0,2,0,0,0,0,0,0,0,0,2,2,0,0,0,2,0,2,0,2,0,0,2
"forrub",4,0,4,6,10,2,0,2,10,2,0,6,6,6,24,18,0,16,6,4,8,10,10,12,2,0,2,0,2,18,4,14,0,6,12,0,18,18,0,2,4,4,4,0,2,4,0,42,10,14,16,2,0,18,10,12,6,12,2,6,20,6,2,4,2,8,6,0,0,4,0,0,0,10,18,0,16,0,20,8,0,0,0,2,4,10,0,0,20,2,4,0,4,2,0,6,10,8,0,0,0,0,0,2,0,8,6,2,0,0,14,0,6,4,4,2,0,4
"forsub1",6,0,2,12,44,0,0,8,4,4,2,10,28,20,62,50,0,16,8,6,12,58,8,24,12,0,0,0,6,14,4,18,0,6,18,0,22,26,16,2,8,8,4,0,0,0,2,10,152,10,60,4,0,66,24,16,6,2,4,8,38,10,6,4,4,20,22,0,2,2,2,0,4,18,22,0,40,0,34,8,0,0,48,4,4,38,2,0,40,2,14,0,2,0,0,4,14,10,2,0,0,0,0,4,2,16,14,8,8,0,86,0,20,14,34,2,0,4
"forsub2",2,0,2,6,20,4,0,4,4,2,0,2,8,4,26,14,0,18,4,4,8,6,6,12,4,0,0,0,2,18,0,12,0,10,14,0,18,18,4,2,4,6,2,0,4,4,0,14,10,54,26,0,0,18,12,8,6,8,4,4,20,6,2,2,2,10,6,0,0,2,0,0,2,8,14,0,12,0,8,10,0,2,2,2,4,10,0,0,14,2,8,0,6,2,0,4,4,4,0,0,0,0,0,6,0,4,2,0,0,0,18,0,8,6,8,2,0,8
"forsub3",248,16,10,44,1088,2,6,252,54,44,6,36,72,224,216,842,0,478,444,18,42,48,34,86,66,0,6,0,76,54,10,46,2,466,56,2,138,254,20,6,26,58,18,0,2,6,2,16,60,26,1186,10,0,738,88,60,118,32,12,214,732,132,16,32,10,218,44,2,0,50,2,2,4,92,148,0,116,0,168,32,2,4,34,16,68,624,716,66,384,2,232,226,18,0,6,10,758,788,18,0,16,0,0,330,4,472,20,320,184,0,806,0,398,698,478,10,2,736
"forulk",2,0,0,4,0,0,0,2,0,0,0,0,0,0,4,2,0,6,0,0,0,2,0,4,2,0,0,0,0,4,2,10,0,0,2,0,8,8,0,0,0,0,0,0,0,0,0,2,4,0,10,12,0,4,0,2,0,0,0,0,4,2,0,0,0,0,0,0,0,0,0,0,0,2,10,0,6,0,10,0,2,0,0,0,0,0,0,0,10,0,0,0,0,0,0,0,4,0,0,0,0,0,0,0,0,0,0,0,0,0,6,0,2,0,0,0,0,0
"hyppun",0,0,0,0,0,0,0,0,0,0,0,0,0,0,0,0,0,0,0,0,0,0,0,0,0,0,0,0,0,0,0,0,0,0,0,0,0,0,0,0,0,0,0,0,0,0,0,0,0,0,0,0,2,0,0,0,0,0,0,0,0,0,0,0,0,0,0,0,0,0,0,0,0,0,0,0,0,0,0,0,0,0,0,0,0,0,0,0,0,0,0,0,0,0,0,0,0,0,0,0,0,0,0,0,0,0,0,0,0,0,0,0,0,0,0,0,0,0
"lasali",236,14,18,30,1024,4,6,216,44,32,6,42,68,200,174,796,20,490,444,8,48,70,26,54,42,0,6,0,42,44,6,28,2,520,50,2,118,162,20,4,20,22,14,0,2,4,2,18,66,18,738,4,0,1316,104,62,162,78,24,168,900,192,10,26,6,234,52,2,0,78,2,2,4,102,134,0,108,2,264,36,0,6,42,22,62,634,958,246,370,2,204,238,12,2,2,8,822,884,32,0,14,0,0,418,8,580,32,352,232,0,1000,0,690,866,458,12,4,1104
"lascla",30,2,6,6,114,4,6,14,24,6,8,28,16,34,56,110,0,44,38,8,20,16,12,14,16,0,8,0,16,24,2,4,2,58,22,2,32,28,14,2,16,20,8,0,2,4,2,10,24,12,88,0,0,104,144,26,30,18,8,30,110,22,6,6,6,40,20,0,0,20,2,2,2,34,26,0,26,0,22,16,0,2,12,10,14,58,42,8,28,2,18,30,10,2,4,8,64,90,2,0,2,0,0,40,4,44,6,24,14,0,72,0,34,62,42,6,0,52
"lasfla",20,0,6,16,56,4,4,14,14,4,2,18,10,18,50,48,0,36,24,4,14,16,12,22,10,0,4,0,8,26,4,14,0,22,16,2,38,28,6,2,10,10,8,0,4,2,2,12,16,8,60,2,0,62,26,120,16,18,10,22,58,14,6,4,6,30,20,2,0,14,0,0,0,26,34,2,40,0,28,18,0,0,6,10,4,28,4,0,36,2,12,0,8,2,2,6,24,12,0,0,0,0,0,8,2,16,10,6,4,0,56,0,26,14,34,2,2,16
"lasint",54,4,6,4,190,4,2,34,14,8,6,8,4,48,24,108,0,88,96,2,14,6,6,6,2,0,4,0,6,14,2,2,2,68,14,0,16,18,2,2,8,10,8,0,2,4,2,6,6,6,118,0,0,162,30,16,92,12,8,24,168,36,4,2,4,38,6,0,0,12,4,2,0,32,14,0,4,0,32,10,0,0,4,2,14,98,220,22,52,2,36,56,4,2,0,8,178,170,4,0,4,0,0,74,0,128,4,54,36,0,172,0,128,148,50,4,0,198
"laslat",26,0,10,4,44,4,0,16,14,2,0,12,2,12,22,46,2,30,22,8,12,10,8,2,2,0,2,0,4,14,0,0,0,36,10,2,16,14,2,4,6,6,6,0,2,2,0,12,2,8,32,0,0,78,18,18,12,94,4,16,52,6,2,2,2,22,4,0,0,10,2,0,0,22,20,0,8,0,18,10,0,0,0,6,6,36,26,18,20,2,12,4,6,2,2,6,32,38,4,0,0,0,0,26,0,30,2,22,14,0,50,0,34,42,34,4,0,54
"lasmin",8,0,2,6,12,4,0,6,4,4,0,0,14,8,22,16,0,6,6,4,8,10,8,4,4,0,0,0,2,10,2,2,0,2,4,0,10,10,4,2,6,2,2,0,2,0,2,2,4,4,12,0,0,24,8,10,8,4,54,2,10,2,2,0,6,12,12,0,0,0,0,0,0,8,4,2,8,0,4,6,0,0,2,2,2,8,4,0,4,2,2,0,2,0,0,2,6,4,0,0,0,0,0,0,0,4,4,2,2,0,6,0,6,2,12,0,0,4
"lasnea",62,0,6,4,266,2,2,88,20,10,2,22,6,56,28,222,0,106,96,2,12,14,0,2,4,0,4,0,20,10,0,0,0,88,10,2,14,76,0,0,4,10,10,0,4,0,0,6,8,4,214,0,0,168,30,22,24,16,2,180,90,16,4,18,0,76,8,0,0,10,0,0,0,24,28,2,24,0,20,12,0,0,4,14,14,172,112,0,104,0,64,0,6,0,2,2,132,120,0,0,0,0,0,42,2,72,0,78,30,0,190,0,60,132,140,4,0,136
"lasneo",260,38,14,26,1146,4,8,142,32,48,6,24,44,204,126,704,18,484,554,14,42,30,24,62,46,0,6,0,24,48,8,40,2,572,66,2,134,122,22,6,16,36,14,0,4,6,2,20,38,20,732,4,0,900,110,58,168,52,10,90,1466,216,4,16,6,170,36,0,0,122,2,2,6,142,158,2,92,0,246,40,0,6,20,14,66,502,1126,292,216,2,136,568,12,2,4,10,1008,1108,14,0,38,0,0,558,4,678,18,276,134,0,848,0,682,712,364,12,4,1192
"laspal",60,4,10,12,220,0,0,28,12,8,0,2,18,46,42,120,2,138,106,4,18,8,12,14,22,0,0,0,4,12,4,14,0,126,24,0,42,28,14,0,4,2,2,0,0,0,2,6,10,6,132,2,0,192,22,14,36,6,2,16,216,126,0,4,2,28,16,0,0,18,0,0,4,44,24,0,30,0,62,6,0,0,4,0,12,82,308,62,68,0,26,60,2,0,0,0,244,226,4,0,4,0,0,100,0,154,12,98,44,0,250,0,208,206,72,2,0,292
"lasspe",2,0,2,2,20,0,0,2,4,2,2,2,2,6,18,18,0,4,4,0,4,10,2,2,0,0,0,0,4,4,0,0,2,4,4,0,2,4,0,2,4,4,2,0,0,2,0,2,6,2,16,0,0,10,6,6,4,2,2,4,4,0,20,0,2,10,4,0,0,0,0,2,0,6,2,0,4,0,2,0,0,0,6,4,4,16,0,0,8,2,10,0,4,0,0,2,2,4,0,0,0,0,0,0,0,2,6,6,4,0,14,0,10,8,10,2,0,0
"lassub1",10,0,2,2,36,0,0,16,6,2,0,6,4,10,8,34,0,18,10,0,4,6,0,4,2,0,2,0,4,2,0,0,0,18,2,0,8,16,2,0,0,6,2,0,0,0,0,4,4,2,32,0,0,26,6,4,2,2,0,18,16,4,0,32,0,12,2,0,2,2,0,0,0,8,6,0,0,0,6,2,0,0,0,0,4,24,8,0,20,0,12,0,2,0,0,2,16,24,2,0,0,0,0,8,0,8,0,12,6,0,24,0,8,18,28,0,0,20
"lassub2",2,0,2,8,4,0,0,4,2,4,0,0,8,2,10,4,0,4,4,2,4,6,8,6,8,0,0,0,2,6,2,2,0,2,4,0,8,4,4,2,4,2,2,0,0,0,2,2,4,2,10,0,0,6,6,6,4,2,6,0,6,2,2,0,10,4,6,0,0,0,0,0,0,2,6,0,10,0,6,2,0,0,2,2,2,2,6,0,4,2,2,0,2,0,0,2,4,2,0,0,0,0,0,0,0,4,4,0,0,0,6,0,4,2,8,0,0,4
"lasumb",60,2,6,12,274,2,2,64,26,12,6,22,24,80,68,238,2,110,88,8,28,32,10,18,10,0,4,0,20,24,2,4,2,120,20,2,34,68,10,4,14,24,20,0,0,10,2,8,20,10,218,0,0,234,40,30,38,22,12,76,170,28,10,12,4,258,22,2,0,18,2,2,0,48,40,0,42,0,42,20,0,2,24,10,20,186,126,26,100,2,68,34,8,2,2,10,152,176,4,0,2,0,0,74,0,106,26,90,44,0,222,0,100,164,140,14,0,170
"lepcan",8,0,2,8,26,2,0,10,2,4,0,4,38,10,42,24,0,22,10,4,22,20,18,18,24,0,0,0,2,10,2,4,0,6,16,0,30,14,20,2,6,2,6,0,2,0,2,6,22,6,44,0,0,52,20,20,6,4,12,8,36,16,4,2,6,22,92,2,0,0,0,0,2,8,16,0,42,0,24,12,0,0,8,8,4,14,2,0,8,2,4,0,2,0,0,2,8,2,0,0,0,0,0,0,0,14,12,4,0,0,34,0,14,2,32,2,0,4
"leperg",0,0,0,0,2,0,0,0,0,0,0,0,2,0,2,0,0,2,0,0,0,0,2,2,0,0,0,0,0,0,0,0,0,0,0,0,0,0,0,0,0,0,0,0,0,0,0,0,0,0,2,0,0,2,0,2,0,0,0,0,0,0,0,0,0,2,2,2,0,0,0,0,0,0,0,0,2,0,0,0,0,0,0,0,0,0,0,0,0,0,0,0,0,0,0,0,0,0,0,0,0,0,0,0,0,0,2,0,0,0,0,0,0,0,2,0,0,0
"lepwil",0,0,0,0,0,0,0,0,0,0,0,0,0,0,0,0,0,0,0,0,0,0,0,0,0,0,0,0,0,0,0,0,0,0,0,0,0,0,0,0,0,0,0,0,0,0,0,0,2,0,0,0,0,0,0,0,0,0,0,0,0,0,0,2,0,0,0,0,2,0,0,0,0,2,0,0,0,0,0,0,0,0,0,0,0,0,0,0,0,0,0,0,0,0,0,0,0,0,0,0,0,0,0,0,0,0,0,0,0,0,0,0,0,0,0,0,0,0
"monema",20,2,4,6,88,2,6,8,14,2,2,10,0,18,20,58,4,42,52,8,6,4,4,4,0,0,4,0,2,10,0,0,0,74,10,2,22,12,0,2,4,20,4,0,0,0,0,4,2,2,50,0,0,78,20,14,12,10,0,10,122,18,0,2,0,18,0,0,0,62,0,0,0,20,36,0,4,0,24,6,0,2,2,2,6,38,90,44,12,0,10,36,8,2,8,4,74,76,0,0,2,0,0,62,4,46,0,18,4,0,88,0,70,58,32,2,4,138
"monpha",0,0,0,0,2,0,0,0,2,0,2,2,0,4,2,2,0,2,0,0,0,0,0,0,0,0,0,0,2,2,0,0,0,0,0,0,0,0,2,0,0,2,0,0,0,0,0,0,2,0,2,0,0,2,2,0,4,2,0,0,2,0,0,0,0,2,0,0,0,0,10,0,0,2,0,0,0,0,0,0,0,0,0,0,0,0,2,0,0,0,0,0,0,0,0,2,0,4,0,0,0,0,0,2,0,0,0,0,0,0,2,0,0,0,0,0,0,2
"monvir",0,0,0,0,2,0,0,0,2,0,2,2,0,0,2,2,0,0,2,0,2,0,0,2,0,0,0,0,2,2,0,0,2,2,2,0,0,0,0,0,2,2,0,0,0,2,0,0,0,0,2,0,0,2,2,0,2,0,0,0,2,0,2,0,0,2,0,0,0,0,0,2,0,0,0,0,0,0,0,0,0,0,0,0,0,0,0,0,0,0,2,0,2,0,0,0,0,2,0,0,0,0,0,0,0,0,0,0,0,0,2,0,0,2,2,2,0,0
"myrala",0,0,0,2,0,0,0,0,0,0,0,0,0,0,2,0,0,0,0,2,2,2,0,2,2,0,0,0,0,2,0,2,0,0,4,0,2,2,2,0,2,0,0,0,0,0,0,0,4,2,4,0,0,4,2,0,0,0,0,0,6,4,0,0,0,0,2,0,0,0,0,0,8,0,2,0,2,0,6,2,0,0,2,0,0,0,0,0,2,0,0,0,0,0,0,0,0,0,0,0,0,0,0,0,0,0,0,0,0,0,6,0,2,0,0,0,0,0
"myrame1",66,4,14,20,198,4,0,16,24,6,2,18,2,58,56,108,0,82,74,4,18,20,4,8,16,0,2,0,8,28,2,12,0,78,14,2,34,32,2,2,10,16,8,0,2,4,0,10,18,8,92,2,0,102,34,26,32,22,8,24,142,44,6,8,2,48,8,0,2,20,2,0,0,176,24,0,18,0,30,16,2,0,6,6,8,86,158,30,36,2,16,56,6,2,6,8,156,136,4,0,4,0,0,60,0,98,12,64,20,0,140,0,114,102,66,4,2,148
"myrame2",22,0,6,30,98,2,4,38,22,6,2,12,14,26,70,106,6,76,44,12,18,18,28,32,18,0,6,0,14,34,10,44,0,100,44,2,94,82,6,4,10,28,14,0,0,0,2,18,22,14,148,10,0,134,26,34,14,20,4,28,158,24,2,6,6,40,16,0,0,36,0,0,2,24,198,0,54,0,88,24,2,2,8,10,12,78,54,48,74,2,38,12,6,2,6,6,56,66,2,0,0,0,0,56,2,36,6,20,6,0,144,0,80,62,66,8,0,140
"myrbre",0,0,0,0,0,0,0,0,0,0,0,0,2,2,2,0,0,0,0,0,0,0,0,0,0,0,0,0,0,0,0,0,0,0,0,0,0,0,0,0,0,0,0,2,2,0,0,0,0,0,0,0,0,0,0,2,0,0,2,2,2,0,0,0,0,0,0,0,0,0,0,0,0,0,0,8,0,0,0,4,0,0,0,0,0,0,0,0,0,0,0,0,0,0,0,0,0,0,0,0,0,0,0,0,0,0,0,0,0,0,0,0,0,0,0,0,0,0
"myrdet",6,0,4,24,82,0,0,14,2,4,0,8,46,18,84,78,0,36,22,4,28,32,20,48,40,0,0,0,2,26,10,38,0,32,40,0,82,58,20,4,6,2,8,0,0,0,2,16,40,12,116,6,0,108,26,40,4,8,8,24,92,30,4,0,10,42,42,2,0,4,0,0,2,18,54,0,190,0,58,20,0,2,18,20,8,50,10,0,44,2,14,0,4,0,2,2,16,12,2,0,0,0,0,10,2,28,26,16,2,0,90,0,28,6,46,6,0,20
"myreva",0,0,0,0,0,0,0,0,0,0,0,0,0,0,0,0,0,0,0,0,0,0,0,0,0,0,0,0,0,0,0,0,0,0,0,0,0,0,0,0,0,0,0,0,0,0,0,0,0,0,0,0,0,2,0,0,0,0,0,0,0,0,0,0,0,0,0,0,0,0,0,0,0,0,0,0,0,2,0,0,0,0,0,0,0,2,0,0,0,0,0,0,0,0,0,0,0,0,0,0,0,0,0,2,0,0,0,0,0,0,0,0,0,0,0,0,0,0
"myrfra",44,2,6,22,164,0,2,48,10,8,2,6,20,34,66,146,8,122,82,8,22,18,16,34,32,0,4,0,6,24,10,52,0,126,38,0,70,56,14,2,8,8,6,2,0,0,2,20,34,8,168,10,0,264,22,28,32,18,4,20,246,62,2,6,6,42,24,0,0,24,0,0,6,30,88,0,58,0,210,18,2,6,18,6,14,116,200,82,110,2,40,44,2,0,0,6,164,180,6,0,2,0,0,92,0,120,18,72,46,0,242,0,180,184,92,0,0,270
"myrinc",8,0,2,4,34,4,2,4,8,2,2,8,6,12,30,22,0,16,8,8,8,10,2,10,8,0,4,0,0,16,6,12,0,10,16,0,24,16,4,2,6,4,4,0,6,0,2,8,8,10,32,0,0,36,16,18,10,10,6,12,40,6,0,2,2,20,12,0,0,6,0,0,2,16,24,4,20,0,18,80,0,2,8,0,4,22,4,0,14,0,6,0,0,2,0,4,10,8,0,0,0,0,0,10,0,12,6,2,0,0,34,0,8,4,22,0,0,10
"myrine",2,0,0,2,0,0,0,2,0,0,0,0,0,0,0,2,0,2,0,0,0,0,0,0,2,0,0,0,0,2,0,2,0,0,2,0,2,2,0,0,0,0,0,0,0,0,0,0,0,0,2,2,0,0,0,0,0,0,0,0,0,0,0,0,0,0,0,0,0,0,0,0,0,2,2,0,0,0,2,0,2,0,0,0,0,0,0,0,2,0,0,0,0,0,0,0,2,0,0,0,0,0,0,0,0,0,0,0,0,0,2,0,2,0,0,0,0,0
"myrlat",0,0,0,0,2,0,0,0,0,0,0,0,2,0,6,4,0,2,0,0,0,4,0,2,0,0,0,0,0,0,0,2,0,2,0,0,2,2,0,0,0,0,0,0,0,0,0,0,0,2,4,0,0,6,2,0,0,0,0,0,6,0,0,0,0,2,0,0,0,2,0,0,0,0,2,0,2,0,6,2,0,24,0,0,0,0,0,0,0,0,0,0,0,0,0,0,2,2,0,0,0,0,0,0,0,0,4,4,0,0,6,0,2,2,0,0,0,2
"myrlob",8,0,0,2,44,0,2,4,2,2,2,4,24,16,38,36,0,2,4,4,8,56,4,8,4,2,2,0,0,2,2,4,0,6,4,0,8,12,10,0,6,2,4,0,0,0,2,0,48,2,34,0,0,42,12,6,4,0,2,4,20,4,6,0,2,24,8,0,0,2,0,0,2,6,8,0,18,0,18,8,0,0,108,2,0,40,2,0,24,0,14,0,0,0,0,0,6,4,0,0,0,0,0,0,0,12,16,12,10,0,68,0,18,16,36,2,0,4
"myrnea",2,0,4,4,24,0,0,4,2,2,0,8,2,6,4,22,0,2,10,0,2,4,2,0,0,0,0,0,2,2,0,0,0,18,4,0,8,6,0,2,2,2,8,0,0,0,0,2,4,2,16,0,0,22,10,10,2,6,2,14,14,0,4,0,2,10,8,0,0,2,0,0,0,6,10,0,20,0,6,0,0,0,2,26,4,12,0,0,2,2,2,0,4,0,0,2,4,2,2,0,0,0,0,0,2,4,4,10,0,0,22,0,10,4,10,2,0,8
"myrpin",20,2,4,4,86,0,0,16,6,6,0,2,6,20,10,66,0,38,28,2,4,4,4,4,2,0,2,0,6,6,0,4,0,46,6,0,8,16,2,2,2,4,6,0,0,0,0,4,4,4,68,0,0,62,14,4,14,6,2,14,66,12,4,4,2,20,4,0,0,6,0,0,0,8,12,0,8,0,14,4,0,0,0,4,32,56,48,10,34,2,24,28,2,0,0,4,66,82,2,0,2,0,0,36,2,44,2,30,22,0,58,0,36,66,36,2,0,56
"myrpun",192,10,16,22,874,2,0,184,36,28,0,32,14,182,112,678,4,368,350,8,24,48,8,8,12,0,2,0,40,20,0,0,0,342,24,2,50,162,6,6,18,32,12,0,0,6,0,10,38,10,624,0,0,634,58,28,98,36,8,172,502,82,16,24,2,186,14,0,0,38,0,0,0,86,78,0,50,2,116,22,0,0,40,12,56,716,538,78,294,2,200,150,10,2,4,8,584,596,16,0,10,0,0,272,4,392,22,302,184,0,654,0,352,628,414,12,0,638
"myrrub",308,28,34,6,1262,0,0,214,42,38,0,0,6,228,42,676,14,604,698,2,26,6,4,6,6,0,0,0,16,4,2,6,0,570,2,0,18,78,4,0,50,0,0,0,0,0,2,0,2,0,716,0,0,958,42,4,220,26,4,112,1126,308,0,8,6,126,2,0,0,90,2,0,0,158,54,0,10,0,200,4,0,0,2,0,48,538,2082,310,276,0,170,420,2,0,0,0,1310,1166,12,0,28,0,0,546,0,858,2,410,188,0,1204,0,1020,988,350,0,0,1634
"myrsca",40,6,6,0,180,0,0,18,6,6,0,0,0,32,6,122,16,116,122,0,0,0,0,0,0,0,0,0,0,0,0,0,0,178,0,0,2,0,0,0,0,0,0,0,0,0,0,0,0,0,66,0,0,246,8,0,22,18,0,0,292,62,0,0,0,26,0,0,0,44,0,0,0,30,48,0,0,0,82,0,0,0,0,0,10,78,310,168,18,0,8,116,0,0,0,0,208,242,2,0,6,0,0,144,0,142,0,62,26,0,210,0,244,186,84,0,0,428
"myrscu",116,0,8,26,400,2,0,150,30,20,0,6,14,88,66,336,0,232,136,4,12,34,12,28,8,0,2,0,42,36,10,46,0,198,30,2,58,142,6,2,10,18,6,0,2,2,2,20,40,14,384,10,0,370,28,36,52,20,4,104,216,68,8,20,4,100,8,0,0,12,0,0,2,36,74,0,44,0,110,14,2,0,24,2,34,294,276,18,356,2,144,0,6,2,4,6,296,322,12,0,0,0,0,106,0,196,10,176,122,0,416,0,192,378,220,4,2,302
"myrsem",0,0,2,2,2,0,0,2,2,2,0,0,2,2,2,2,0,2,2,0,2,2,2,0,0,0,0,0,2,2,0,0,0,2,2,0,2,2,0,2,2,2,2,0,0,0,0,2,2,2,2,0,0,2,2,2,2,2,2,0,2,0,2,0,2,2,2,0,0,0,0,0,0,2,2,0,2,0,2,0,0,0,0,2,2,2,0,0,2,2,2,0,2,0,0,2,2,2,0,0,0,0,0,0,0,2,2,0,0,0,2,0,2,2,0,0,0,0
"myrsmi",64,0,4,12,254,0,0,84,22,10,2,10,6,48,28,202,0,118,92,8,10,22,6,8,4,0,2,0,24,16,0,2,2,106,10,2,32,66,0,2,8,28,6,0,0,6,0,4,14,8,232,0,0,204,18,12,36,12,2,64,136,26,10,12,2,68,4,0,0,10,0,2,0,16,38,0,14,0,40,6,0,0,14,2,24,200,170,8,144,2,156,0,8,0,2,6,164,164,6,0,0,0,0,68,0,118,6,96,68,0,246,0,114,220,124,8,0,182
"nylfla",114,28,0,0,510,0,0,4,0,28,0,0,0,84,0,266,4,152,236,0,2,0,0,0,0,0,0,0,2,0,0,0,0,220,0,0,0,0,0,0,0,0,0,0,0,2,0,0,0,0,226,0,0,238,30,0,56,4,0,0,568,60,0,0,0,34,0,0,0,36,0,0,0,56,12,0,0,0,44,0,0,0,0,0,28,150,420,116,0,0,0,408,0,0,0,0,456,550,0,0,28,0,0,268,0,288,0,84,28,0,164,0,200,212,124,0,0,400
"nylpar",2,0,2,4,14,0,2,4,6,2,2,10,4,4,8,14,0,8,10,4,8,8,4,6,0,0,0,0,6,12,0,0,2,14,4,2,10,10,2,2,6,12,4,0,0,8,0,4,2,6,18,0,0,12,10,8,4,6,2,6,12,2,4,2,2,8,2,0,0,8,0,2,0,6,6,0,4,0,2,0,0,0,0,4,2,10,2,0,6,2,8,0,28,0,2,2,4,10,0,0,0,0,0,6,2,4,2,0,0,0,12,0,6,10,4,6,2,6
"phefla",0,0,0,0,2,2,0,0,2,0,0,0,0,0,2,0,0,2,0,0,0,0,0,0,0,0,0,0,0,2,0,0,0,2,2,0,2,0,0,0,2,0,0,0,0,0,0,2,0,2,0,0,0,2,2,2,2,2,0,0,2,0,0,0,0,2,0,0,0,2,0,0,0,2,2,0,0,0,0,2,0,0,0,0,0,2,0,0,2,0,0,0,0,2,0,2,2,0,0,0,0,0,0,0,0,2,0,0,0,0,2,0,0,0,2,0,0,2
"phepil",4,0,0,4,8,0,0,4,4,0,0,0,0,4,4,10,0,2,6,4,0,2,2,0,0,0,0,0,0,2,0,0,0,6,0,2,4,4,0,0,0,6,0,0,0,0,0,0,0,0,6,0,0,2,4,2,0,2,0,2,4,0,0,0,0,2,0,0,0,8,0,0,0,6,6,0,2,0,0,0,0,0,0,0,0,4,0,0,4,0,2,0,2,0,14,0,4,4,0,0,0,0,0,4,0,2,0,0,0,0,6,0,0,4,2,2,0,4
"polluc",0,0,4,2,10,2,0,2,8,2,2,6,2,8,10,10,0,6,2,2,4,4,2,2,0,0,2,0,4,6,0,0,0,12,6,0,6,4,0,2,4,8,4,0,0,0,0,6,4,4,10,0,0,8,8,6,8,6,2,2,10,0,2,2,2,10,2,0,0,4,2,0,0,8,6,0,2,0,6,4,0,0,0,2,4,8,0,0,6,2,6,0,2,2,0,16,8,8,0,0,0,0,0,4,0,6,2,0,0,0,10,0,4,2,4,0,0,4
"ponpen",332,32,32,18,1306,2,4,206,52,50,2,8,8,272,74,782,4,590,634,6,10,16,12,14,8,0,6,0,30,20,2,12,0,578,18,2,38,112,2,2,12,16,8,0,0,0,2,10,14,4,758,4,0,822,64,24,178,32,6,132,1008,244,2,16,4,152,8,0,0,74,0,0,0,156,56,0,16,0,164,10,2,2,6,4,66,584,1310,208,296,2,164,456,4,2,4,8,1292,1170,16,0,32,0,0,528,2,758,8,428,210,0,984,0,752,948,430,4,2,1268
"preimp",320,38,18,10,1320,0,4,180,54,56,8,16,6,264,58,844,8,562,580,4,8,10,10,12,0,0,6,0,58,16,0,0,2,660,10,2,38,124,6,4,8,36,6,0,0,2,0,8,10,4,788,0,0,884,90,12,170,38,4,120,1108,226,4,24,2,176,2,0,0,76,4,2,0,136,66,0,12,0,180,8,0,2,4,2,82,596,1166,242,322,2,164,550,10,0,4,8,1170,1410,22,0,38,0,0,580,0,744,2,426,238,0,884,0,678,976,450,6,2,1188
"proame",6,0,4,2,24,0,0,8,0,0,0,2,2,4,2,22,0,8,2,0,0,0,0,0,2,0,0,0,0,0,0,0,0,12,0,0,6,2,0,0,0,0,0,0,0,0,0,0,2,0,18,0,0,32,2,0,4,4,0,0,14,4,0,2,0,4,0,0,0,0,0,0,0,4,2,0,2,0,6,0,0,0,0,2,2,16,12,2,12,0,6,0,0,0,0,0,16,22,14,0,0,0,0,10,0,12,0,16,12,0,26,0,16,32,14,0,0,20
"prosil",0,0,0,0,0,0,0,0,0,0,2,0,0,0,0,0,0,0,0,0,0,0,0,0,0,0,0,0,0,0,0,0,0,0,0,0,0,0,0,0,0,0,0,0,0,0,0,0,0,0,0,0,0,0,0,0,0,0,0,0,0,0,0,0,0,0,0,0,0,0,0,0,0,0,0,0,0,0,0,0,0,0,0,0,0,0,0,0,0,0,0,0,0,0,0,0,0,0,0,4,0,2,0,0,0,0,0,0,0,0,0,0,0,0,0,0,0,0
"pyrmet",8,2,0,0,36,0,0,0,0,2,0,0,0,6,0,18,0,10,16,0,0,0,0,0,0,0,0,0,0,0,0,0,0,14,0,0,0,0,0,0,0,0,0,0,0,0,0,0,0,0,16,0,0,14,2,0,4,0,0,0,38,4,0,0,0,2,0,0,0,2,0,0,0,4,0,0,0,0,2,0,0,0,0,0,2,10,28,6,0,0,0,28,0,0,0,0,32,38,0,0,4,0,0,18,0,20,0,6,2,0,10,0,12,14,8,0,0,24
"pyrper",0,0,0,0,0,0,0,0,0,0,2,0,0,0,0,0,0,0,0,0,0,0,0,0,0,0,0,0,0,0,0,0,0,0,0,0,0,0,0,0,0,0,0,0,0,0,0,0,0,0,0,0,0,0,0,0,0,0,0,0,0,0,0,0,0,0,0,0,0,0,0,0,0,0,0,0,0,0,0,0,0,0,0,0,0,0,0,0,0,0,0,0,0,0,0,0,0,0,0,2,0,2,0,0,0,0,0,0,0,0,0,0,0,0,0,0,0,0
"pyrpul",0,0,0,0,0,0,0,0,0,0,0,0,0,0,0,0,0,0,0,0,0,0,0,0,0,0,0,0,0,0,0,0,0,0,0,0,0,0,0,0,0,0,0,0,0,0,0,0,0,0,0,0,0,0,0,0,0,0,0,0,0,0,0,0,0,0,0,0,0,0,0,0,0,0,0,0,0,0,0,0,0,0,0,0,0,0,0,0,0,0,0,0,0,0,0,0,0,0,0,0,0,0,2,0,0,0,0,0,0,0,0,2,0,0,0,0,0,0
"solmol",138,18,8,6,592,0,4,70,20,22,0,8,4,116,28,366,8,254,284,10,10,6,6,8,2,0,4,0,10,10,0,2,0,308,16,2,28,50,4,4,6,20,2,0,0,0,0,2,4,6,330,0,0,418,40,8,74,26,0,42,558,100,0,8,0,74,0,0,0,62,2,0,0,60,56,0,10,2,92,10,0,0,0,0,36,272,546,144,106,0,68,268,6,0,4,4,528,580,10,0,18,0,0,340,6,340,0,176,92,0,414,0,344,420,196,2,2,610
"soltex",0,0,0,0,8,0,0,0,0,0,0,4,0,2,2,6,0,2,6,0,2,2,0,0,0,0,0,0,0,0,0,0,0,8,0,0,4,4,0,0,4,0,0,0,0,0,0,0,2,0,4,0,0,8,4,2,0,0,0,2,4,0,0,0,0,0,0,0,0,4,0,0,0,0,2,0,2,0,0,0,0,0,0,2,2,4,0,0,0,0,0,0,2,0,0,0,2,0,0,0,0,0,0,6,8,2,0,2,0,0,8,0,2,2,0,0,0,0
"stebre",200,20,20,16,804,2,0,122,26,30,0,6,14,156,48,476,4,350,390,4,14,22,4,12,8,0,2,0,14,10,2,10,0,348,10,2,32,60,4,2,10,6,6,0,0,0,2,8,16,4,472,0,0,580,44,16,128,30,4,72,678,154,2,8,4,106,14,0,0,46,0,0,0,98,36,0,28,0,120,12,0,0,12,4,44,392,858,142,196,2,118,288,4,2,2,6,758,744,12,0,20,0,0,340,2,550,16,268,146,0,638,0,508,608,268,6,2,810
"stedie",8,0,2,10,26,0,0,4,2,4,0,0,20,6,30,20,0,14,6,2,12,18,8,10,16,0,0,0,2,8,4,6,0,4,6,0,16,8,8,2,4,2,2,0,0,0,2,6,14,2,20,0,0,32,6,10,4,2,4,0,18,12,6,0,4,26,12,2,0,0,0,0,0,12,6,0,26,0,18,6,0,4,16,4,2,22,2,0,10,2,6,0,2,0,0,2,8,2,0,0,0,0,0,0,0,16,66,10,6,0,30,0,12,6,26,0,0,4
"steimp",128,6,18,4,514,0,0,90,20,16,0,8,4,112,40,372,0,242,196,0,4,10,0,2,4,0,0,0,20,0,0,4,0,244,4,0,18,64,2,0,6,0,2,0,0,0,0,2,8,0,320,0,0,352,24,6,54,22,2,78,276,98,6,12,0,90,4,0,0,18,0,0,0,64,20,0,16,0,72,2,0,4,12,10,30,302,410,62,176,0,96,84,0,0,0,0,428,426,16,0,6,0,0,176,2,268,10,294,140,0,428,0,280,452,240,0,0,432
"stesch",66,2,6,4,256,0,0,48,6,6,0,0,4,52,20,202,0,124,92,0,0,8,0,0,0,0,2,0,8,0,0,0,0,120,0,0,14,22,0,0,4,0,0,0,0,0,0,0,8,0,184,0,0,232,14,4,36,14,2,30,134,44,4,6,0,44,0,0,0,4,0,0,0,20,6,0,2,0,46,0,0,0,10,0,22,184,188,26,122,0,68,28,0,0,0,0,210,238,12,0,2,0,0,92,0,146,6,140,128,0,226,0,140,292,122,0,0,212
"tapmel",0,0,0,0,0,0,0,0,0,0,0,0,0,0,0,0,0,0,0,0,0,0,0,0,0,0,0,0,0,0,0,0,0,0,0,0,0,0,0,0,0,0,0,0,0,0,0,0,0,0,0,0,0,0,0,0,0,0,0,0,0,0,0,0,0,0,0,0,0,0,0,0,0,0,0,0,0,0,0,0,0,0,0,0,0,0,0,0,0,0,0,0,0,0,0,0,0,0,0,0,0,0,0,0,0,0,0,0,0,2,0,0,0,0,0,0,0,0
"tapses",270,10,30,32,1148,2,4,264,60,32,6,30,42,250,148,778,12,592,548,22,44,96,22,36,44,2,4,0,48,38,6,34,2,548,54,2,112,190,18,6,20,32,16,0,0,4,2,14,86,18,806,6,0,1000,72,56,172,50,6,190,848,250,14,24,6,222,34,0,0,88,2,2,6,140,144,0,90,0,242,34,2,6,68,22,58,654,1204,210,416,2,246,164,12,2,6,10,984,884,26,0,10,0,0,414,8,638,30,428,226,0,1390,0,800,950,466,14,4,1260
"tapspA",0,0,0,0,0,0,0,0,0,0,0,0,0,0,0,0,0,0,0,0,0,0,0,0,0,0,0,0,0,0,0,0,0,0,0,0,0,0,0,0,0,0,0,0,0,0,0,0,0,0,0,0,0,0,0,0,0,0,0,0,0,0,0,0,0,0,0,0,0,0,0,0,0,0,0,0,0,0,0,0,0,0,0,0,0,0,0,0,0,0,0,0,0,0,0,0,0,0,0,0,0,0,2,0,0,0,0,0,0,0,0,2,0,0,0,0,0,0
"temamb",176,12,26,16,716,0,2,126,28,18,0,6,16,144,74,416,16,386,402,2,22,26,8,14,12,0,2,0,8,18,4,22,0,386,22,0,42,58,4,2,6,4,10,0,0,0,2,6,20,8,398,2,0,690,34,26,128,34,6,60,682,208,10,8,4,100,14,0,0,70,0,0,2,114,80,0,28,0,180,8,2,2,18,10,36,352,1020,244,192,2,114,200,6,0,0,4,752,678,16,0,12,0,0,344,2,508,12,280,140,0,800,0,762,668,248,2,2,1062
"temcur",268,14,18,12,1050,0,2,202,46,32,4,14,6,224,64,742,8,536,482,6,12,18,6,4,4,0,2,0,38,12,0,0,2,532,8,2,44,112,2,2,6,18,10,0,0,4,0,4,14,6,698,0,0,866,62,14,148,42,2,132,712,206,8,18,2,164,2,0,0,58,0,2,0,102,62,0,6,0,184,4,0,2,16,4,66,628,988,186,378,2,220,212,10,0,4,2,948,976,32,0,14,0,0,420,2,608,6,452,292,0,950,0,668,1086,446,6,2,1082
"temlon",166,8,10,18,660,6,2,154,32,28,4,22,38,158,102,524,6,304,262,6,26,44,12,28,28,0,4,0,38,16,2,4,2,306,16,2,48,124,8,0,12,14,8,0,2,2,2,4,34,8,478,0,0,458,42,34,50,34,12,140,364,72,10,28,8,140,32,2,0,32,0,2,0,66,66,0,46,0,92,22,0,0,36,10,36,414,350,84,220,0,124,124,4,2,2,4,430,450,14,0,8,0,0,196,0,268,26,240,122,0,466,0,248,446,506,8,0,484
"temsch",2,0,2,2,12,0,0,2,4,0,2,4,0,6,6,20,0,8,4,6,6,8,4,2,0,0,0,0,2,6,0,0,2,6,4,2,4,8,0,0,2,6,4,0,0,4,0,2,2,2,10,0,0,12,6,2,4,4,0,4,12,2,2,0,0,14,2,0,0,2,0,2,0,4,8,0,6,0,0,0,0,0,2,2,2,12,0,0,4,0,8,0,6,0,2,0,4,6,0,0,0,0,0,2,0,6,0,0,0,0,14,0,2,6,8,40,0,4
"temtex",0,0,0,2,4,0,2,0,0,0,0,0,0,0,0,2,0,0,2,0,4,0,0,0,0,0,0,0,0,0,0,0,0,2,0,0,2,2,0,0,0,0,0,0,0,0,0,0,0,0,2,0,0,4,0,2,0,0,0,0,4,0,0,0,0,0,0,0,0,4,0,0,0,2,0,0,0,0,0,0,0,0,0,0,0,0,0,0,2,0,0,0,2,0,0,0,2,2,0,0,0,0,0,2,0,2,0,0,0,0,4,0,2,2,0,0,6,2
"tetcae",306,24,34,8,1284,2,6,244,52,38,4,16,8,256,68,812,32,682,732,4,12,6,10,8,8,0,4,0,24,10,2,4,0,720,18,0,38,116,8,0,6,30,12,0,0,0,2,4,4,8,736,0,0,1104,52,16,198,54,4,136,1192,292,0,20,4,170,4,0,0,138,2,0,0,148,140,0,20,0,270,10,0,2,4,8,56,638,1634,428,302,0,182,400,6,2,4,4,1268,1188,20,0,24,0,0,610,0,810,4,432,212,0,1260,0,1062,1082,484,4,2,1894
